{"cameraMode":{"drawMode":0,"name":"Shaded","section":"Shading Mode"},"sceneLighting":true,"audioPlay":false,"sceneViewState":{"showFog":true,"showMaterialUpdate":false,"showSkybox":true,"showFlares":true,"showImageEffects":true,"showParticleSystems":true},"in2DMode":false,"pivot":{"x":0.743057131767273,"y":13.528327941894532,"z":33.93043899536133},"rotation":{"x":0.04799502715468407,"y":0.007440126966685057,"z":-0.000815073901321739,"w":0.9992296099662781},"size":23.614530563354493,"orthographic":true}