{"cameraMode":{"drawMode":0,"name":"Shaded","section":"Shading Mode"},"sceneLighting":true,"audioPlay":false,"sceneViewState":{"showFog":true,"showMaterialUpdate":false,"showSkybox":true,"showFlares":true,"showImageEffects":true,"showParticleSystems":true},"in2DMode":false,"pivot":{"x":0.6639996767044067,"y":-0.43199998140335085,"z":-6.847683906555176},"rotation":{"x":-0.17300860583782197,"y":-0.28587406873703005,"z":0.05257757380604744,"w":-0.9411217570304871},"size":5.3948140144348148,"orthographic":false}