{"cameraMode":{"drawMode":0,"name":"Shaded","section":"Shading Mode"},"sceneLighting":true,"audioPlay":false,"sceneViewState":{"showFog":true,"showMaterialUpdate":false,"showSkybox":true,"showFlares":true,"showImageEffects":true,"showParticleSystems":true},"in2DMode":false,"pivot":{"x":9.291646003723145,"y":15.216437339782715,"z":21.48053741455078},"rotation":{"x":0.053674086928367618,"y":-0.002696133451536298,"z":0.00014500934048555791,"w":0.9985587000846863},"size":15.373090744018555,"orthographic":true}