{"cameraMode":{"drawMode":0,"name":"Shaded","section":"Shading Mode"},"sceneLighting":true,"audioPlay":false,"sceneViewState":{"showFog":true,"showMaterialUpdate":false,"showSkybox":true,"showFlares":true,"showImageEffects":true,"showParticleSystems":true},"in2DMode":false,"pivot":{"x":0.9144287109375,"y":2.3740234375,"z":-8.580078125},"rotation":{"x":0.16219961643218995,"y":-0.15770688652992249,"z":0.026103021577000619,"w":0.9739408493041992},"size":12.14008903503418,"orthographic":true}