{"cameraMode":{"drawMode":0,"name":"Shaded","section":"Shading Mode"},"sceneLighting":true,"audioPlay":false,"sceneViewState":{"showFog":true,"showMaterialUpdate":false,"showSkybox":true,"showFlares":true,"showImageEffects":true,"showParticleSystems":true},"in2DMode":false,"pivot":{"x":8.854520797729493,"y":16.124183654785158,"z":14.577709197998047},"rotation":{"x":0.12704473733901978,"y":-0.528497576713562,"z":0.08035983890295029,"w":0.8355222940444946},"size":24.707521438598634,"orthographic":true}