{"cameraMode":{"drawMode":0,"name":"Shaded","section":"Shading Mode"},"sceneLighting":true,"audioPlay":false,"sceneViewState":{"showFog":true,"showMaterialUpdate":false,"showSkybox":true,"showFlares":true,"showImageEffects":true,"showParticleSystems":true},"in2DMode":false,"pivot":{"x":12.347465515136719,"y":20.04515838623047,"z":-1.2798162698745728},"rotation":{"x":0.129329115152359,"y":-0.1098303496837616,"z":0.01441478356719017,"w":0.9853956699371338},"size":16.61882781982422,"orthographic":true}