{"cameraMode":{"drawMode":0,"name":"Shaded","section":"Shading Mode"},"sceneLighting":true,"audioPlay":false,"sceneViewState":{"showFog":true,"showMaterialUpdate":false,"showSkybox":true,"showFlares":true,"showImageEffects":true,"showParticleSystems":true},"in2DMode":false,"pivot":{"x":1.586846947669983,"y":0.7790864706039429,"z":-6.214648246765137},"rotation":{"x":0.11224579811096192,"y":-0.028350628912448884,"z":0.003015768714249134,"w":0.9934858679771423},"size":5.084433078765869,"orthographic":true}