{"cameraMode":{"drawMode":0,"name":"Shaded","section":"Shading Mode"},"sceneLighting":true,"audioPlay":false,"sceneViewState":{"showFog":true,"showMaterialUpdate":false,"showSkybox":true,"showFlares":true,"showImageEffects":true,"showParticleSystems":true},"in2DMode":false,"pivot":{"x":46.544002532958987,"y":13.960809707641602,"z":21.195072174072267},"rotation":{"x":0.06925144791603089,"y":-0.008982643485069275,"z":0.0006237086490727961,"w":0.9975594282150269},"size":15.69726276397705,"orthographic":true}