{"cameraMode":{"drawMode":0,"name":"Shaded","section":"Shading Mode"},"sceneLighting":true,"audioPlay":false,"sceneViewState":{"showFog":true,"showMaterialUpdate":false,"showSkybox":true,"showFlares":true,"showImageEffects":true,"showParticleSystems":true},"in2DMode":false,"pivot":{"x":0.7167963981628418,"y":-0.9688963890075684,"z":-6.215136528015137},"rotation":{"x":0.19665299355983735,"y":-0.0235291738063097,"z":0.004719744436442852,"w":0.9801835417747498},"size":3.0360655784606935,"orthographic":true}