{"cameraMode":{"drawMode":0,"name":"Shaded","section":"Shading Mode"},"sceneLighting":false,"audioPlay":false,"sceneViewState":{"showFog":true,"showMaterialUpdate":false,"showSkybox":true,"showFlares":true,"showImageEffects":true,"showParticleSystems":true},"in2DMode":false,"pivot":{"x":-44.78841018676758,"y":-13.271020889282227,"z":-20.678241729736329},"rotation":{"x":-0.08341377973556519,"y":0.7932687997817993,"z":-0.11163385212421417,"w":-0.5927204489707947},"size":29.359813690185548,"orthographic":false}